Accuracy,Precision,Recall,F1_Score,ROC_AUC
0.6323333333333333,0.24896949711459193,0.611336032388664,0.3538371411833626,0.6598306271426311
